{
    "$schema": "https://schema.management.azure.com/schemas/2015-01-01/deploymentTemplate.json#",
    "contentVersion": "1.0.0.0",
    "parameters": {
        "servers_sqlguminterne_prd_name": {
            "defaultValue": "sqlguminterne-prd",
            "type": "String"
        }
    },
    "variables": {},
    "resources": [
        {
            "type": "Microsoft.Sql/servers",
            "apiVersion": "2015-05-01-preview",
            "name": "[parameters('servers_sqlguminterne_prd_name')]",
            "location": "canadacentral",
            "kind": "v12.0",
            "properties": {
                "administratorLogin": "sqladminprd",
                "version": "12.0"
            }
        },
        {
            "type": "Microsoft.Sql/servers/advisors",
            "apiVersion": "2014-04-01",
            "name": "[concat(parameters('servers_sqlguminterne_prd_name'), '/CreateIndex')]",
            "dependsOn": [
                "[resourceId('Microsoft.Sql/servers', parameters('servers_sqlguminterne_prd_name'))]"
            ],
            "properties": {
                "autoExecuteValue": "Disabled"
            }
        },
        {
            "type": "Microsoft.Sql/servers/advisors",
            "apiVersion": "2014-04-01",
            "name": "[concat(parameters('servers_sqlguminterne_prd_name'), '/DbParameterization')]",
            "dependsOn": [
                "[resourceId('Microsoft.Sql/servers', parameters('servers_sqlguminterne_prd_name'))]"
            ],
            "properties": {
                "autoExecuteValue": "Disabled"
            }
        },
        {
            "type": "Microsoft.Sql/servers/advisors",
            "apiVersion": "2014-04-01",
            "name": "[concat(parameters('servers_sqlguminterne_prd_name'), '/DefragmentIndex')]",
            "dependsOn": [
                "[resourceId('Microsoft.Sql/servers', parameters('servers_sqlguminterne_prd_name'))]"
            ],
            "properties": {
                "autoExecuteValue": "Disabled"
            }
        },
        {
            "type": "Microsoft.Sql/servers/advisors",
            "apiVersion": "2014-04-01",
            "name": "[concat(parameters('servers_sqlguminterne_prd_name'), '/DropIndex')]",
            "dependsOn": [
                "[resourceId('Microsoft.Sql/servers', parameters('servers_sqlguminterne_prd_name'))]"
            ],
            "properties": {
                "autoExecuteValue": "Disabled"
            }
        },
        {
            "type": "Microsoft.Sql/servers/advisors",
            "apiVersion": "2014-04-01",
            "name": "[concat(parameters('servers_sqlguminterne_prd_name'), '/ForceLastGoodPlan')]",
            "dependsOn": [
                "[resourceId('Microsoft.Sql/servers', parameters('servers_sqlguminterne_prd_name'))]"
            ],
            "properties": {
                "autoExecuteValue": "Disabled"
            }
        },
        {
            "type": "Microsoft.Sql/servers/auditingPolicies",
            "apiVersion": "2014-04-01",
            "name": "[concat(parameters('servers_sqlguminterne_prd_name'), '/Default')]",
            "location": "Canada Central",
            "dependsOn": [
                "[resourceId('Microsoft.Sql/servers', parameters('servers_sqlguminterne_prd_name'))]"
            ],
            "properties": {
                "auditingState": "Disabled"
            }
        },
        {
            "type": "Microsoft.Sql/servers/auditingSettings",
            "apiVersion": "2017-03-01-preview",
            "name": "[concat(parameters('servers_sqlguminterne_prd_name'), '/Default')]",
            "dependsOn": [
                "[resourceId('Microsoft.Sql/servers', parameters('servers_sqlguminterne_prd_name'))]"
            ],
            "properties": {
                "state": "Disabled",
                "retentionDays": 0,
                "auditActionsAndGroups": [],
                "storageAccountSubscriptionId": "00000000-0000-0000-0000-000000000000",
                "isStorageSecondaryKeyInUse": false
            }
        },
        {
            "type": "Microsoft.Sql/servers/databases",
            "apiVersion": "2017-03-01-preview",
            "name": "[concat(parameters('servers_sqlguminterne_prd_name'), '/BdAppsInterne-prd')]",
            "location": "canadacentral",
            "dependsOn": [
                "[resourceId('Microsoft.Sql/servers', parameters('servers_sqlguminterne_prd_name'))]"
            ],
            "sku": {
                "name": "S0",
                "tier": "Standard"
            },
            "kind": "v12.0,user",
            "properties": {
                "collation": "SQL_Latin1_General_CP1_CI_AS",
                "maxSizeBytes": 214748364800,
                "catalogCollation": "SQL_Latin1_General_CP1_CI_AS",
                "zoneRedundant": false
            }
        },
        {
            "type": "Microsoft.Sql/servers/databases",
            "apiVersion": "2017-03-01-preview",
            "name": "[concat(parameters('servers_sqlguminterne_prd_name'), '/DbVeille-prd')]",
            "location": "canadacentral",
            "dependsOn": [
                "[resourceId('Microsoft.Sql/servers', parameters('servers_sqlguminterne_prd_name'))]"
            ],
            "sku": {
                "name": "S0",
                "tier": "Standard"
            },
            "kind": "v12.0,user",
            "properties": {
                "collation": "SQL_Latin1_General_CP1_CI_AS",
                "maxSizeBytes": 214748364800,
                "catalogCollation": "SQL_Latin1_General_CP1_CI_AS",
                "zoneRedundant": false
            }
        },
        {
            "type": "Microsoft.Sql/servers/databases/auditingPolicies",
            "apiVersion": "2014-04-01",
            "name": "[concat(parameters('servers_sqlguminterne_prd_name'), '/master/Default')]",
            "location": "Canada Central",
            "dependsOn": [
                "[resourceId('Microsoft.Sql/servers', parameters('servers_sqlguminterne_prd_name'))]"
            ],
            "properties": {
                "auditingState": "Disabled"
            }
        },
        {
            "type": "Microsoft.Sql/servers/databases/auditingSettings",
            "apiVersion": "2017-03-01-preview",
            "name": "[concat(parameters('servers_sqlguminterne_prd_name'), '/master/Default')]",
            "dependsOn": [
                "[resourceId('Microsoft.Sql/servers', parameters('servers_sqlguminterne_prd_name'))]"
            ],
            "properties": {
                "state": "Disabled",
                "retentionDays": 0,
                "storageAccountSubscriptionId": "00000000-0000-0000-0000-000000000000",
                "isStorageSecondaryKeyInUse": false
            }
        },
        {
            "type": "Microsoft.Sql/servers/databases/geoBackupPolicies",
            "apiVersion": "2014-04-01",
            "name": "[concat(parameters('servers_sqlguminterne_prd_name'), '/master/Default')]",
            "location": "Canada Central",
            "dependsOn": [
                "[resourceId('Microsoft.Sql/servers', parameters('servers_sqlguminterne_prd_name'))]"
            ],
            "properties": {
                "state": "Enabled"
            }
        },
        {
            "type": "Microsoft.Sql/servers/databases/securityAlertPolicies",
            "apiVersion": "2018-06-01-preview",
            "name": "[concat(parameters('servers_sqlguminterne_prd_name'), '/master/Default')]",
            "dependsOn": [
                "[resourceId('Microsoft.Sql/servers', parameters('servers_sqlguminterne_prd_name'))]"
            ],
            "properties": {
                "state": "Disabled",
                "disabledAlerts": [
                    ""
                ],
                "emailAddresses": [
                    ""
                ],
                "emailAccountAdmins": false,
                "retentionDays": 0
            }
        },
        {
            "type": "Microsoft.Sql/servers/databases/transparentDataEncryption",
            "apiVersion": "2014-04-01",
            "name": "[concat(parameters('servers_sqlguminterne_prd_name'), '/master/current')]",
            "location": "Canada Central",
            "dependsOn": [
                "[resourceId('Microsoft.Sql/servers', parameters('servers_sqlguminterne_prd_name'))]"
            ],
            "properties": {
                "status": "Disabled"
            }
        },
        {
            "type": "Microsoft.Sql/servers/databases/vulnerabilityAssessments",
            "apiVersion": "2017-03-01-preview",
            "name": "[concat(parameters('servers_sqlguminterne_prd_name'), '/master/Default')]",
            "dependsOn": [
                "[resourceId('Microsoft.Sql/servers', parameters('servers_sqlguminterne_prd_name'))]"
            ],
            "properties": {
                "recurringScans": {
                    "isEnabled": false,
                    "emailSubscriptionAdmins": true
                }
            }
        },
        {
            "type": "Microsoft.Sql/servers/encryptionProtector",
            "apiVersion": "2015-05-01-preview",
            "name": "[concat(parameters('servers_sqlguminterne_prd_name'), '/current')]",
            "dependsOn": [
                "[resourceId('Microsoft.Sql/servers', parameters('servers_sqlguminterne_prd_name'))]"
            ],
            "kind": "servicemanaged",
            "properties": {
                "serverKeyName": "ServiceManaged",
                "serverKeyType": "ServiceManaged"
            }
        },
        {
            "type": "Microsoft.Sql/servers/firewallRules",
            "apiVersion": "2015-05-01-preview",
            "name": "[concat(parameters('servers_sqlguminterne_prd_name'), '/AllowAllWindowsAzureIps')]",
            "dependsOn": [
                "[resourceId('Microsoft.Sql/servers', parameters('servers_sqlguminterne_prd_name'))]"
            ],
            "properties": {
                "startIpAddress": "0.0.0.0",
                "endIpAddress": "0.0.0.0"
            }
        },
        {
            "type": "Microsoft.Sql/servers/keys",
            "apiVersion": "2015-05-01-preview",
            "name": "[concat(parameters('servers_sqlguminterne_prd_name'), '/ServiceManaged')]",
            "dependsOn": [
                "[resourceId('Microsoft.Sql/servers', parameters('servers_sqlguminterne_prd_name'))]"
            ],
            "kind": "servicemanaged",
            "properties": {
                "serverKeyType": "ServiceManaged"
            }
        },
        {
            "type": "Microsoft.Sql/servers/securityAlertPolicies",
            "apiVersion": "2017-03-01-preview",
            "name": "[concat(parameters('servers_sqlguminterne_prd_name'), '/Default')]",
            "dependsOn": [
                "[resourceId('Microsoft.Sql/servers', parameters('servers_sqlguminterne_prd_name'))]"
            ],
            "properties": {
                "state": "Disabled",
                "disabledAlerts": [
                    ""
                ],
                "emailAddresses": [
                    ""
                ],
                "emailAccountAdmins": false,
                "retentionDays": 0
            }
        },
        {
            "type": "Microsoft.Sql/servers/vulnerabilityAssessments",
            "apiVersion": "2018-06-01-preview",
            "name": "[concat(parameters('servers_sqlguminterne_prd_name'), '/Default')]",
            "dependsOn": [
                "[resourceId('Microsoft.Sql/servers', parameters('servers_sqlguminterne_prd_name'))]"
            ],
            "properties": {
                "recurringScans": {
                    "isEnabled": false,
                    "emailSubscriptionAdmins": true
                }
            }
        },
        {
            "type": "Microsoft.Sql/servers/databases/advisors",
            "apiVersion": "2014-04-01",
            "name": "[concat(parameters('servers_sqlguminterne_prd_name'), '/BdAppsInterne-prd/CreateIndex')]",
            "dependsOn": [
                "[resourceId('Microsoft.Sql/servers/databases', parameters('servers_sqlguminterne_prd_name'), 'BdAppsInterne-prd')]",
                "[resourceId('Microsoft.Sql/servers', parameters('servers_sqlguminterne_prd_name'))]"
            ],
            "properties": {
                "autoExecuteValue": "Disabled"
            }
        },
        {
            "type": "Microsoft.Sql/servers/databases/advisors",
            "apiVersion": "2014-04-01",
            "name": "[concat(parameters('servers_sqlguminterne_prd_name'), '/DbVeille-prd/CreateIndex')]",
            "dependsOn": [
                "[resourceId('Microsoft.Sql/servers/databases', parameters('servers_sqlguminterne_prd_name'), 'DbVeille-prd')]",
                "[resourceId('Microsoft.Sql/servers', parameters('servers_sqlguminterne_prd_name'))]"
            ],
            "properties": {
                "autoExecuteValue": "Disabled"
            }
        },
        {
            "type": "Microsoft.Sql/servers/databases/advisors",
            "apiVersion": "2014-04-01",
            "name": "[concat(parameters('servers_sqlguminterne_prd_name'), '/BdAppsInterne-prd/DbParameterization')]",
            "dependsOn": [
                "[resourceId('Microsoft.Sql/servers/databases', parameters('servers_sqlguminterne_prd_name'), 'BdAppsInterne-prd')]",
                "[resourceId('Microsoft.Sql/servers', parameters('servers_sqlguminterne_prd_name'))]"
            ],
            "properties": {
                "autoExecuteValue": "Disabled"
            }
        },
        {
            "type": "Microsoft.Sql/servers/databases/advisors",
            "apiVersion": "2014-04-01",
            "name": "[concat(parameters('servers_sqlguminterne_prd_name'), '/DbVeille-prd/DbParameterization')]",
            "dependsOn": [
                "[resourceId('Microsoft.Sql/servers/databases', parameters('servers_sqlguminterne_prd_name'), 'DbVeille-prd')]",
                "[resourceId('Microsoft.Sql/servers', parameters('servers_sqlguminterne_prd_name'))]"
            ],
            "properties": {
                "autoExecuteValue": "Disabled"
            }
        },
        {
            "type": "Microsoft.Sql/servers/databases/advisors",
            "apiVersion": "2014-04-01",
            "name": "[concat(parameters('servers_sqlguminterne_prd_name'), '/BdAppsInterne-prd/DefragmentIndex')]",
            "dependsOn": [
                "[resourceId('Microsoft.Sql/servers/databases', parameters('servers_sqlguminterne_prd_name'), 'BdAppsInterne-prd')]",
                "[resourceId('Microsoft.Sql/servers', parameters('servers_sqlguminterne_prd_name'))]"
            ],
            "properties": {
                "autoExecuteValue": "Disabled"
            }
        },
        {
            "type": "Microsoft.Sql/servers/databases/advisors",
            "apiVersion": "2014-04-01",
            "name": "[concat(parameters('servers_sqlguminterne_prd_name'), '/DbVeille-prd/DefragmentIndex')]",
            "dependsOn": [
                "[resourceId('Microsoft.Sql/servers/databases', parameters('servers_sqlguminterne_prd_name'), 'DbVeille-prd')]",
                "[resourceId('Microsoft.Sql/servers', parameters('servers_sqlguminterne_prd_name'))]"
            ],
            "properties": {
                "autoExecuteValue": "Disabled"
            }
        },
        {
            "type": "Microsoft.Sql/servers/databases/advisors",
            "apiVersion": "2014-04-01",
            "name": "[concat(parameters('servers_sqlguminterne_prd_name'), '/BdAppsInterne-prd/DropIndex')]",
            "dependsOn": [
                "[resourceId('Microsoft.Sql/servers/databases', parameters('servers_sqlguminterne_prd_name'), 'BdAppsInterne-prd')]",
                "[resourceId('Microsoft.Sql/servers', parameters('servers_sqlguminterne_prd_name'))]"
            ],
            "properties": {
                "autoExecuteValue": "Disabled"
            }
        },
        {
            "type": "Microsoft.Sql/servers/databases/advisors",
            "apiVersion": "2014-04-01",
            "name": "[concat(parameters('servers_sqlguminterne_prd_name'), '/DbVeille-prd/DropIndex')]",
            "dependsOn": [
                "[resourceId('Microsoft.Sql/servers/databases', parameters('servers_sqlguminterne_prd_name'), 'DbVeille-prd')]",
                "[resourceId('Microsoft.Sql/servers', parameters('servers_sqlguminterne_prd_name'))]"
            ],
            "properties": {
                "autoExecuteValue": "Disabled"
            }
        },
        {
            "type": "Microsoft.Sql/servers/databases/advisors",
            "apiVersion": "2014-04-01",
            "name": "[concat(parameters('servers_sqlguminterne_prd_name'), '/BdAppsInterne-prd/ForceLastGoodPlan')]",
            "dependsOn": [
                "[resourceId('Microsoft.Sql/servers/databases', parameters('servers_sqlguminterne_prd_name'), 'BdAppsInterne-prd')]",
                "[resourceId('Microsoft.Sql/servers', parameters('servers_sqlguminterne_prd_name'))]"
            ],
            "properties": {
                "autoExecuteValue": "Disabled"
            }
        },
        {
            "type": "Microsoft.Sql/servers/databases/advisors",
            "apiVersion": "2014-04-01",
            "name": "[concat(parameters('servers_sqlguminterne_prd_name'), '/DbVeille-prd/ForceLastGoodPlan')]",
            "dependsOn": [
                "[resourceId('Microsoft.Sql/servers/databases', parameters('servers_sqlguminterne_prd_name'), 'DbVeille-prd')]",
                "[resourceId('Microsoft.Sql/servers', parameters('servers_sqlguminterne_prd_name'))]"
            ],
            "properties": {
                "autoExecuteValue": "Disabled"
            }
        },
        {
            "type": "Microsoft.Sql/servers/databases/auditingPolicies",
            "apiVersion": "2014-04-01",
            "name": "[concat(parameters('servers_sqlguminterne_prd_name'), '/BdAppsInterne-prd/Default')]",
            "location": "Canada Central",
            "dependsOn": [
                "[resourceId('Microsoft.Sql/servers/databases', parameters('servers_sqlguminterne_prd_name'), 'BdAppsInterne-prd')]",
                "[resourceId('Microsoft.Sql/servers', parameters('servers_sqlguminterne_prd_name'))]"
            ],
            "properties": {
                "auditingState": "Disabled"
            }
        },
        {
            "type": "Microsoft.Sql/servers/databases/auditingPolicies",
            "apiVersion": "2014-04-01",
            "name": "[concat(parameters('servers_sqlguminterne_prd_name'), '/DbVeille-prd/Default')]",
            "location": "Canada Central",
            "dependsOn": [
                "[resourceId('Microsoft.Sql/servers/databases', parameters('servers_sqlguminterne_prd_name'), 'DbVeille-prd')]",
                "[resourceId('Microsoft.Sql/servers', parameters('servers_sqlguminterne_prd_name'))]"
            ],
            "properties": {
                "auditingState": "Disabled"
            }
        },
        {
            "type": "Microsoft.Sql/servers/databases/auditingSettings",
            "apiVersion": "2017-03-01-preview",
            "name": "[concat(parameters('servers_sqlguminterne_prd_name'), '/BdAppsInterne-prd/Default')]",
            "dependsOn": [
                "[resourceId('Microsoft.Sql/servers/databases', parameters('servers_sqlguminterne_prd_name'), 'BdAppsInterne-prd')]",
                "[resourceId('Microsoft.Sql/servers', parameters('servers_sqlguminterne_prd_name'))]"
            ],
            "properties": {
                "state": "Disabled",
                "retentionDays": 0,
                "storageAccountSubscriptionId": "00000000-0000-0000-0000-000000000000",
                "isStorageSecondaryKeyInUse": false
            }
        },
        {
            "type": "Microsoft.Sql/servers/databases/auditingSettings",
            "apiVersion": "2017-03-01-preview",
            "name": "[concat(parameters('servers_sqlguminterne_prd_name'), '/DbVeille-prd/Default')]",
            "dependsOn": [
                "[resourceId('Microsoft.Sql/servers/databases', parameters('servers_sqlguminterne_prd_name'), 'DbVeille-prd')]",
                "[resourceId('Microsoft.Sql/servers', parameters('servers_sqlguminterne_prd_name'))]"
            ],
            "properties": {
                "state": "Disabled",
                "retentionDays": 0,
                "storageAccountSubscriptionId": "00000000-0000-0000-0000-000000000000",
                "isStorageSecondaryKeyInUse": false
            }
        },
        {
            "type": "Microsoft.Sql/servers/databases/geoBackupPolicies",
            "apiVersion": "2014-04-01",
            "name": "[concat(parameters('servers_sqlguminterne_prd_name'), '/BdAppsInterne-prd/Default')]",
            "location": "Canada Central",
            "dependsOn": [
                "[resourceId('Microsoft.Sql/servers/databases', parameters('servers_sqlguminterne_prd_name'), 'BdAppsInterne-prd')]",
                "[resourceId('Microsoft.Sql/servers', parameters('servers_sqlguminterne_prd_name'))]"
            ],
            "properties": {
                "state": "Enabled"
            }
        },
        {
            "type": "Microsoft.Sql/servers/databases/geoBackupPolicies",
            "apiVersion": "2014-04-01",
            "name": "[concat(parameters('servers_sqlguminterne_prd_name'), '/DbVeille-prd/Default')]",
            "location": "Canada Central",
            "dependsOn": [
                "[resourceId('Microsoft.Sql/servers/databases', parameters('servers_sqlguminterne_prd_name'), 'DbVeille-prd')]",
                "[resourceId('Microsoft.Sql/servers', parameters('servers_sqlguminterne_prd_name'))]"
            ],
            "properties": {
                "state": "Enabled"
            }
        },
        {
            "type": "Microsoft.Sql/servers/databases/securityAlertPolicies",
            "apiVersion": "2018-06-01-preview",
            "name": "[concat(parameters('servers_sqlguminterne_prd_name'), '/BdAppsInterne-prd/Default')]",
            "dependsOn": [
                "[resourceId('Microsoft.Sql/servers/databases', parameters('servers_sqlguminterne_prd_name'), 'BdAppsInterne-prd')]",
                "[resourceId('Microsoft.Sql/servers', parameters('servers_sqlguminterne_prd_name'))]"
            ],
            "properties": {
                "state": "Disabled",
                "disabledAlerts": [
                    ""
                ],
                "emailAddresses": [
                    ""
                ],
                "emailAccountAdmins": false,
                "retentionDays": 0
            }
        },
        {
            "type": "Microsoft.Sql/servers/databases/securityAlertPolicies",
            "apiVersion": "2018-06-01-preview",
            "name": "[concat(parameters('servers_sqlguminterne_prd_name'), '/DbVeille-prd/Default')]",
            "dependsOn": [
                "[resourceId('Microsoft.Sql/servers/databases', parameters('servers_sqlguminterne_prd_name'), 'DbVeille-prd')]",
                "[resourceId('Microsoft.Sql/servers', parameters('servers_sqlguminterne_prd_name'))]"
            ],
            "properties": {
                "state": "Disabled",
                "disabledAlerts": [
                    ""
                ],
                "emailAddresses": [
                    ""
                ],
                "emailAccountAdmins": false,
                "retentionDays": 0
            }
        },
        {
            "type": "Microsoft.Sql/servers/databases/transparentDataEncryption",
            "apiVersion": "2014-04-01",
            "name": "[concat(parameters('servers_sqlguminterne_prd_name'), '/BdAppsInterne-prd/current')]",
            "location": "Canada Central",
            "dependsOn": [
                "[resourceId('Microsoft.Sql/servers/databases', parameters('servers_sqlguminterne_prd_name'), 'BdAppsInterne-prd')]",
                "[resourceId('Microsoft.Sql/servers', parameters('servers_sqlguminterne_prd_name'))]"
            ],
            "properties": {
                "status": "Enabled"
            }
        },
        {
            "type": "Microsoft.Sql/servers/databases/transparentDataEncryption",
            "apiVersion": "2014-04-01",
            "name": "[concat(parameters('servers_sqlguminterne_prd_name'), '/DbVeille-prd/current')]",
            "location": "Canada Central",
            "dependsOn": [
                "[resourceId('Microsoft.Sql/servers/databases', parameters('servers_sqlguminterne_prd_name'), 'DbVeille-prd')]",
                "[resourceId('Microsoft.Sql/servers', parameters('servers_sqlguminterne_prd_name'))]"
            ],
            "properties": {
                "status": "Enabled"
            }
        },
        {
            "type": "Microsoft.Sql/servers/databases/vulnerabilityAssessments",
            "apiVersion": "2017-03-01-preview",
            "name": "[concat(parameters('servers_sqlguminterne_prd_name'), '/BdAppsInterne-prd/Default')]",
            "dependsOn": [
                "[resourceId('Microsoft.Sql/servers/databases', parameters('servers_sqlguminterne_prd_name'), 'BdAppsInterne-prd')]",
                "[resourceId('Microsoft.Sql/servers', parameters('servers_sqlguminterne_prd_name'))]"
            ],
            "properties": {
                "recurringScans": {
                    "isEnabled": false,
                    "emailSubscriptionAdmins": true
                }
            }
        },
        {
            "type": "Microsoft.Sql/servers/databases/vulnerabilityAssessments",
            "apiVersion": "2017-03-01-preview",
            "name": "[concat(parameters('servers_sqlguminterne_prd_name'), '/DbVeille-prd/Default')]",
            "dependsOn": [
                "[resourceId('Microsoft.Sql/servers/databases', parameters('servers_sqlguminterne_prd_name'), 'DbVeille-prd')]",
                "[resourceId('Microsoft.Sql/servers', parameters('servers_sqlguminterne_prd_name'))]"
            ],
            "properties": {
                "recurringScans": {
                    "isEnabled": false,
                    "emailSubscriptionAdmins": true
                }
            }
        }
    ]
}