{
    "$schema": "https://schema.management.azure.com/schemas/2015-01-01/deploymentParameters.json#",
    "contentVersion": "1.0.0.0",
    "parameters": {
        "sites_Veille_devops_name": {
            "value": null
        },
        "sites_AppsInterne_devops_name": {
            "value": null
        },
        "sites_Veille_func_devops_name": {
            "value": null
        },
        "serverfarms_ASP_Standard_devops_name": {
            "value": null
        },
        "components_AppsInterne_devops_name": {
            "value": null
        },
        "components_Veille_func_devops_name": {
            "value": null
        },
        "serverfarms_ASP_FunctionApp_devops_name": {
            "value": null
        },
        "storageAccounts_storveillefuncdevops_name": {
            "value": null
        },
        "virtualNetworks_Vnet_Devops_externalid": {
            "value": null
        }
    }
}