{
    "$schema": "https://schema.management.azure.com/schemas/2015-01-01/deploymentTemplate.json#",
    "contentVersion": "1.0.0.0",
    "parameters": {
        "servers_sqlguminterne_devops_name": {
            "defaultValue": "sqlguminterne-devops",
            "type": "String"
        },
        "virtualNetworks_Vnet_Devops_externalid": {
            "defaultValue": "/subscriptions/6a04c78c-475c-4872-b897-f85eec86bf02/resourceGroups/vnet-rg-devops/providers/Microsoft.Network/virtualNetworks/Vnet-Devops",
            "type": "String"
        }
    },
    "variables": {},
    "resources": [
        {
            "type": "Microsoft.Sql/servers",
            "apiVersion": "2015-05-01-preview",
            "name": "[parameters('servers_sqlguminterne_devops_name')]",
            "location": "canadacentral",
            "kind": "v12.0",
            "properties": {
                "administratorLogin": "sqladmindevops",
                "version": "12.0"
            }
        },
        {
            "type": "Microsoft.Sql/servers/administrators",
            "apiVersion": "2014-04-01-preview",
            "name": "[concat(parameters('servers_sqlguminterne_devops_name'), '/ActiveDirectory')]",
            "location": "Canada Central",
            "dependsOn": [
                "[resourceId('Microsoft.Sql/servers', parameters('servers_sqlguminterne_devops_name'))]"
            ],
            "properties": {
                "administratorType": "ActiveDirectory",
                "login": "sqladmindevops@gumqc.OnMicrosoft.com",
                "sid": "39670c6b-8290-4499-8f84-031f42d2399e",
                "tenantId": "33aaf871-69fa-44f2-9edf-e1048cbba3a5"
            }
        },
        {
            "type": "Microsoft.Sql/servers/advisors",
            "apiVersion": "2014-04-01",
            "name": "[concat(parameters('servers_sqlguminterne_devops_name'), '/CreateIndex')]",
            "dependsOn": [
                "[resourceId('Microsoft.Sql/servers', parameters('servers_sqlguminterne_devops_name'))]"
            ],
            "properties": {
                "autoExecuteValue": "Disabled"
            }
        },
        {
            "type": "Microsoft.Sql/servers/advisors",
            "apiVersion": "2014-04-01",
            "name": "[concat(parameters('servers_sqlguminterne_devops_name'), '/DbParameterization')]",
            "dependsOn": [
                "[resourceId('Microsoft.Sql/servers', parameters('servers_sqlguminterne_devops_name'))]"
            ],
            "properties": {
                "autoExecuteValue": "Disabled"
            }
        },
        {
            "type": "Microsoft.Sql/servers/advisors",
            "apiVersion": "2014-04-01",
            "name": "[concat(parameters('servers_sqlguminterne_devops_name'), '/DefragmentIndex')]",
            "dependsOn": [
                "[resourceId('Microsoft.Sql/servers', parameters('servers_sqlguminterne_devops_name'))]"
            ],
            "properties": {
                "autoExecuteValue": "Disabled"
            }
        },
        {
            "type": "Microsoft.Sql/servers/advisors",
            "apiVersion": "2014-04-01",
            "name": "[concat(parameters('servers_sqlguminterne_devops_name'), '/DropIndex')]",
            "dependsOn": [
                "[resourceId('Microsoft.Sql/servers', parameters('servers_sqlguminterne_devops_name'))]"
            ],
            "properties": {
                "autoExecuteValue": "Disabled"
            }
        },
        {
            "type": "Microsoft.Sql/servers/advisors",
            "apiVersion": "2014-04-01",
            "name": "[concat(parameters('servers_sqlguminterne_devops_name'), '/ForceLastGoodPlan')]",
            "dependsOn": [
                "[resourceId('Microsoft.Sql/servers', parameters('servers_sqlguminterne_devops_name'))]"
            ],
            "properties": {
                "autoExecuteValue": "Disabled"
            }
        },
        {
            "type": "Microsoft.Sql/servers/auditingPolicies",
            "apiVersion": "2014-04-01",
            "name": "[concat(parameters('servers_sqlguminterne_devops_name'), '/Default')]",
            "location": "Canada Central",
            "dependsOn": [
                "[resourceId('Microsoft.Sql/servers', parameters('servers_sqlguminterne_devops_name'))]"
            ],
            "properties": {
                "auditingState": "Disabled"
            }
        },
        {
            "type": "Microsoft.Sql/servers/auditingSettings",
            "apiVersion": "2017-03-01-preview",
            "name": "[concat(parameters('servers_sqlguminterne_devops_name'), '/Default')]",
            "dependsOn": [
                "[resourceId('Microsoft.Sql/servers', parameters('servers_sqlguminterne_devops_name'))]"
            ],
            "properties": {
                "state": "Disabled",
                "retentionDays": 0,
                "auditActionsAndGroups": [],
                "storageAccountSubscriptionId": "00000000-0000-0000-0000-000000000000",
                "isStorageSecondaryKeyInUse": false
            }
        },
        {
            "type": "Microsoft.Sql/servers/databases",
            "apiVersion": "2017-03-01-preview",
            "name": "[concat(parameters('servers_sqlguminterne_devops_name'), '/BdAppsInterne-devops')]",
            "location": "canadacentral",
            "dependsOn": [
                "[resourceId('Microsoft.Sql/servers', parameters('servers_sqlguminterne_devops_name'))]"
            ],
            "sku": {
                "name": "S0",
                "tier": "Standard"
            },
            "kind": "v12.0,user",
            "properties": {
                "collation": "SQL_Latin1_General_CP1_CI_AS",
                "maxSizeBytes": 214748364800,
                "catalogCollation": "SQL_Latin1_General_CP1_CI_AS",
                "zoneRedundant": false
            }
        },
        {
            "type": "Microsoft.Sql/servers/databases",
            "apiVersion": "2017-03-01-preview",
            "name": "[concat(parameters('servers_sqlguminterne_devops_name'), '/BdVeille-devops')]",
            "location": "canadacentral",
            "dependsOn": [
                "[resourceId('Microsoft.Sql/servers', parameters('servers_sqlguminterne_devops_name'))]"
            ],
            "sku": {
                "name": "S0",
                "tier": "Standard"
            },
            "kind": "v12.0,user",
            "properties": {
                "collation": "SQL_Latin1_General_CP1_CI_AS",
                "maxSizeBytes": 214748364800,
                "catalogCollation": "SQL_Latin1_General_CP1_CI_AS",
                "zoneRedundant": false
            }
        },
        {
            "type": "Microsoft.Sql/servers/databases/auditingPolicies",
            "apiVersion": "2014-04-01",
            "name": "[concat(parameters('servers_sqlguminterne_devops_name'), '/master/Default')]",
            "location": "Canada Central",
            "dependsOn": [
                "[resourceId('Microsoft.Sql/servers', parameters('servers_sqlguminterne_devops_name'))]"
            ],
            "properties": {
                "auditingState": "Disabled"
            }
        },
        {
            "type": "Microsoft.Sql/servers/databases/auditingSettings",
            "apiVersion": "2017-03-01-preview",
            "name": "[concat(parameters('servers_sqlguminterne_devops_name'), '/master/Default')]",
            "dependsOn": [
                "[resourceId('Microsoft.Sql/servers', parameters('servers_sqlguminterne_devops_name'))]"
            ],
            "properties": {
                "state": "Disabled",
                "retentionDays": 0,
                "auditActionsAndGroups": [],
                "storageAccountSubscriptionId": "00000000-0000-0000-0000-000000000000",
                "isStorageSecondaryKeyInUse": false
            }
        },
        {
            "type": "Microsoft.Sql/servers/databases/geoBackupPolicies",
            "apiVersion": "2014-04-01",
            "name": "[concat(parameters('servers_sqlguminterne_devops_name'), '/master/Default')]",
            "location": "Canada Central",
            "dependsOn": [
                "[resourceId('Microsoft.Sql/servers', parameters('servers_sqlguminterne_devops_name'))]"
            ],
            "properties": {
                "state": "Enabled"
            }
        },
        {
            "type": "Microsoft.Sql/servers/databases/securityAlertPolicies",
            "apiVersion": "2018-06-01-preview",
            "name": "[concat(parameters('servers_sqlguminterne_devops_name'), '/master/Default')]",
            "dependsOn": [
                "[resourceId('Microsoft.Sql/servers', parameters('servers_sqlguminterne_devops_name'))]"
            ],
            "properties": {
                "state": "Disabled",
                "disabledAlerts": [
                    ""
                ],
                "emailAddresses": [
                    ""
                ],
                "emailAccountAdmins": false,
                "retentionDays": 0
            }
        },
        {
            "type": "Microsoft.Sql/servers/databases/transparentDataEncryption",
            "apiVersion": "2014-04-01",
            "name": "[concat(parameters('servers_sqlguminterne_devops_name'), '/master/current')]",
            "location": "Canada Central",
            "dependsOn": [
                "[resourceId('Microsoft.Sql/servers', parameters('servers_sqlguminterne_devops_name'))]"
            ],
            "properties": {
                "status": "Disabled"
            }
        },
        {
            "type": "Microsoft.Sql/servers/databases/vulnerabilityAssessments",
            "apiVersion": "2017-03-01-preview",
            "name": "[concat(parameters('servers_sqlguminterne_devops_name'), '/master/Default')]",
            "dependsOn": [
                "[resourceId('Microsoft.Sql/servers', parameters('servers_sqlguminterne_devops_name'))]"
            ],
            "properties": {
                "recurringScans": {
                    "isEnabled": false,
                    "emailSubscriptionAdmins": true
                }
            }
        },
        {
            "type": "Microsoft.Sql/servers/encryptionProtector",
            "apiVersion": "2015-05-01-preview",
            "name": "[concat(parameters('servers_sqlguminterne_devops_name'), '/current')]",
            "dependsOn": [
                "[resourceId('Microsoft.Sql/servers', parameters('servers_sqlguminterne_devops_name'))]"
            ],
            "kind": "servicemanaged",
            "properties": {
                "serverKeyName": "ServiceManaged",
                "serverKeyType": "ServiceManaged"
            }
        },
        {
            "type": "Microsoft.Sql/servers/firewallRules",
            "apiVersion": "2015-05-01-preview",
            "name": "[concat(parameters('servers_sqlguminterne_devops_name'), '/AllowAllWindowsAzureIps')]",
            "dependsOn": [
                "[resourceId('Microsoft.Sql/servers', parameters('servers_sqlguminterne_devops_name'))]"
            ],
            "properties": {
                "startIpAddress": "0.0.0.0",
                "endIpAddress": "0.0.0.0"
            }
        },
        {
            "type": "Microsoft.Sql/servers/firewallRules",
            "apiVersion": "2015-05-01-preview",
            "name": "[concat(parameters('servers_sqlguminterne_devops_name'), '/AllowSoquij')]",
            "dependsOn": [
                "[resourceId('Microsoft.Sql/servers', parameters('servers_sqlguminterne_devops_name'))]"
            ],
            "properties": {
                "startIpAddress": "205.237.253.10",
                "endIpAddress": "205.237.253.10"
            }
        },
        {
            "type": "Microsoft.Sql/servers/firewallRules",
            "apiVersion": "2015-05-01-preview",
            "name": "[concat(parameters('servers_sqlguminterne_devops_name'), '/ClientIPAddress_2019-08-08_02:56:05')]",
            "dependsOn": [
                "[resourceId('Microsoft.Sql/servers', parameters('servers_sqlguminterne_devops_name'))]"
            ],
            "properties": {
                "startIpAddress": "74.114.101.194",
                "endIpAddress": "74.114.101.194"
            }
        },
        {
            "type": "Microsoft.Sql/servers/keys",
            "apiVersion": "2015-05-01-preview",
            "name": "[concat(parameters('servers_sqlguminterne_devops_name'), '/ServiceManaged')]",
            "dependsOn": [
                "[resourceId('Microsoft.Sql/servers', parameters('servers_sqlguminterne_devops_name'))]"
            ],
            "kind": "servicemanaged",
            "properties": {
                "serverKeyType": "ServiceManaged"
            }
        },
        {
            "type": "Microsoft.Sql/servers/securityAlertPolicies",
            "apiVersion": "2017-03-01-preview",
            "name": "[concat(parameters('servers_sqlguminterne_devops_name'), '/Default')]",
            "dependsOn": [
                "[resourceId('Microsoft.Sql/servers', parameters('servers_sqlguminterne_devops_name'))]"
            ],
            "properties": {
                "state": "Disabled",
                "disabledAlerts": [
                    ""
                ],
                "emailAddresses": [
                    ""
                ],
                "emailAccountAdmins": false,
                "retentionDays": 0
            }
        },
        {
            "type": "Microsoft.Sql/servers/virtualNetworkRules",
            "apiVersion": "2015-05-01-preview",
            "name": "[concat(parameters('servers_sqlguminterne_devops_name'), '/newVnetRule1')]",
            "dependsOn": [
                "[resourceId('Microsoft.Sql/servers', parameters('servers_sqlguminterne_devops_name'))]"
            ],
            "properties": {
                "virtualNetworkSubnetId": "[concat(parameters('virtualNetworks_Vnet_Devops_externalid'), '/subnets/WebSnet-devops')]",
                "ignoreMissingVnetServiceEndpoint": true
            }
        },
        {
            "type": "Microsoft.Sql/servers/vulnerabilityAssessments",
            "apiVersion": "2018-06-01-preview",
            "name": "[concat(parameters('servers_sqlguminterne_devops_name'), '/Default')]",
            "dependsOn": [
                "[resourceId('Microsoft.Sql/servers', parameters('servers_sqlguminterne_devops_name'))]"
            ],
            "properties": {
                "recurringScans": {
                    "isEnabled": false,
                    "emailSubscriptionAdmins": true
                }
            }
        },
        {
            "type": "Microsoft.Sql/servers/databases/advisors",
            "apiVersion": "2014-04-01",
            "name": "[concat(parameters('servers_sqlguminterne_devops_name'), '/BdAppsInterne-devops/CreateIndex')]",
            "dependsOn": [
                "[resourceId('Microsoft.Sql/servers/databases', parameters('servers_sqlguminterne_devops_name'), 'BdAppsInterne-devops')]",
                "[resourceId('Microsoft.Sql/servers', parameters('servers_sqlguminterne_devops_name'))]"
            ],
            "properties": {
                "autoExecuteValue": "Disabled"
            }
        },
        {
            "type": "Microsoft.Sql/servers/databases/advisors",
            "apiVersion": "2014-04-01",
            "name": "[concat(parameters('servers_sqlguminterne_devops_name'), '/BdVeille-devops/CreateIndex')]",
            "dependsOn": [
                "[resourceId('Microsoft.Sql/servers/databases', parameters('servers_sqlguminterne_devops_name'), 'BdVeille-devops')]",
                "[resourceId('Microsoft.Sql/servers', parameters('servers_sqlguminterne_devops_name'))]"
            ],
            "properties": {
                "autoExecuteValue": "Disabled"
            }
        },
        {
            "type": "Microsoft.Sql/servers/databases/advisors",
            "apiVersion": "2014-04-01",
            "name": "[concat(parameters('servers_sqlguminterne_devops_name'), '/BdAppsInterne-devops/DbParameterization')]",
            "dependsOn": [
                "[resourceId('Microsoft.Sql/servers/databases', parameters('servers_sqlguminterne_devops_name'), 'BdAppsInterne-devops')]",
                "[resourceId('Microsoft.Sql/servers', parameters('servers_sqlguminterne_devops_name'))]"
            ],
            "properties": {
                "autoExecuteValue": "Disabled"
            }
        },
        {
            "type": "Microsoft.Sql/servers/databases/advisors",
            "apiVersion": "2014-04-01",
            "name": "[concat(parameters('servers_sqlguminterne_devops_name'), '/BdVeille-devops/DbParameterization')]",
            "dependsOn": [
                "[resourceId('Microsoft.Sql/servers/databases', parameters('servers_sqlguminterne_devops_name'), 'BdVeille-devops')]",
                "[resourceId('Microsoft.Sql/servers', parameters('servers_sqlguminterne_devops_name'))]"
            ],
            "properties": {
                "autoExecuteValue": "Disabled"
            }
        },
        {
            "type": "Microsoft.Sql/servers/databases/advisors",
            "apiVersion": "2014-04-01",
            "name": "[concat(parameters('servers_sqlguminterne_devops_name'), '/BdAppsInterne-devops/DefragmentIndex')]",
            "dependsOn": [
                "[resourceId('Microsoft.Sql/servers/databases', parameters('servers_sqlguminterne_devops_name'), 'BdAppsInterne-devops')]",
                "[resourceId('Microsoft.Sql/servers', parameters('servers_sqlguminterne_devops_name'))]"
            ],
            "properties": {
                "autoExecuteValue": "Disabled"
            }
        },
        {
            "type": "Microsoft.Sql/servers/databases/advisors",
            "apiVersion": "2014-04-01",
            "name": "[concat(parameters('servers_sqlguminterne_devops_name'), '/BdVeille-devops/DefragmentIndex')]",
            "dependsOn": [
                "[resourceId('Microsoft.Sql/servers/databases', parameters('servers_sqlguminterne_devops_name'), 'BdVeille-devops')]",
                "[resourceId('Microsoft.Sql/servers', parameters('servers_sqlguminterne_devops_name'))]"
            ],
            "properties": {
                "autoExecuteValue": "Disabled"
            }
        },
        {
            "type": "Microsoft.Sql/servers/databases/advisors",
            "apiVersion": "2014-04-01",
            "name": "[concat(parameters('servers_sqlguminterne_devops_name'), '/BdAppsInterne-devops/DropIndex')]",
            "dependsOn": [
                "[resourceId('Microsoft.Sql/servers/databases', parameters('servers_sqlguminterne_devops_name'), 'BdAppsInterne-devops')]",
                "[resourceId('Microsoft.Sql/servers', parameters('servers_sqlguminterne_devops_name'))]"
            ],
            "properties": {
                "autoExecuteValue": "Disabled"
            }
        },
        {
            "type": "Microsoft.Sql/servers/databases/advisors",
            "apiVersion": "2014-04-01",
            "name": "[concat(parameters('servers_sqlguminterne_devops_name'), '/BdVeille-devops/DropIndex')]",
            "dependsOn": [
                "[resourceId('Microsoft.Sql/servers/databases', parameters('servers_sqlguminterne_devops_name'), 'BdVeille-devops')]",
                "[resourceId('Microsoft.Sql/servers', parameters('servers_sqlguminterne_devops_name'))]"
            ],
            "properties": {
                "autoExecuteValue": "Disabled"
            }
        },
        {
            "type": "Microsoft.Sql/servers/databases/advisors",
            "apiVersion": "2014-04-01",
            "name": "[concat(parameters('servers_sqlguminterne_devops_name'), '/BdAppsInterne-devops/ForceLastGoodPlan')]",
            "dependsOn": [
                "[resourceId('Microsoft.Sql/servers/databases', parameters('servers_sqlguminterne_devops_name'), 'BdAppsInterne-devops')]",
                "[resourceId('Microsoft.Sql/servers', parameters('servers_sqlguminterne_devops_name'))]"
            ],
            "properties": {
                "autoExecuteValue": "Disabled"
            }
        },
        {
            "type": "Microsoft.Sql/servers/databases/advisors",
            "apiVersion": "2014-04-01",
            "name": "[concat(parameters('servers_sqlguminterne_devops_name'), '/BdVeille-devops/ForceLastGoodPlan')]",
            "dependsOn": [
                "[resourceId('Microsoft.Sql/servers/databases', parameters('servers_sqlguminterne_devops_name'), 'BdVeille-devops')]",
                "[resourceId('Microsoft.Sql/servers', parameters('servers_sqlguminterne_devops_name'))]"
            ],
            "properties": {
                "autoExecuteValue": "Disabled"
            }
        },
        {
            "type": "Microsoft.Sql/servers/databases/auditingPolicies",
            "apiVersion": "2014-04-01",
            "name": "[concat(parameters('servers_sqlguminterne_devops_name'), '/BdAppsInterne-devops/Default')]",
            "location": "Canada Central",
            "dependsOn": [
                "[resourceId('Microsoft.Sql/servers/databases', parameters('servers_sqlguminterne_devops_name'), 'BdAppsInterne-devops')]",
                "[resourceId('Microsoft.Sql/servers', parameters('servers_sqlguminterne_devops_name'))]"
            ],
            "properties": {
                "auditingState": "Disabled"
            }
        },
        {
            "type": "Microsoft.Sql/servers/databases/auditingPolicies",
            "apiVersion": "2014-04-01",
            "name": "[concat(parameters('servers_sqlguminterne_devops_name'), '/BdVeille-devops/Default')]",
            "location": "Canada Central",
            "dependsOn": [
                "[resourceId('Microsoft.Sql/servers/databases', parameters('servers_sqlguminterne_devops_name'), 'BdVeille-devops')]",
                "[resourceId('Microsoft.Sql/servers', parameters('servers_sqlguminterne_devops_name'))]"
            ],
            "properties": {
                "auditingState": "Disabled"
            }
        },
        {
            "type": "Microsoft.Sql/servers/databases/auditingSettings",
            "apiVersion": "2017-03-01-preview",
            "name": "[concat(parameters('servers_sqlguminterne_devops_name'), '/BdAppsInterne-devops/Default')]",
            "dependsOn": [
                "[resourceId('Microsoft.Sql/servers/databases', parameters('servers_sqlguminterne_devops_name'), 'BdAppsInterne-devops')]",
                "[resourceId('Microsoft.Sql/servers', parameters('servers_sqlguminterne_devops_name'))]"
            ],
            "properties": {
                "state": "Disabled",
                "retentionDays": 0,
                "storageAccountSubscriptionId": "00000000-0000-0000-0000-000000000000",
                "isStorageSecondaryKeyInUse": false
            }
        },
        {
            "type": "Microsoft.Sql/servers/databases/auditingSettings",
            "apiVersion": "2017-03-01-preview",
            "name": "[concat(parameters('servers_sqlguminterne_devops_name'), '/BdVeille-devops/Default')]",
            "dependsOn": [
                "[resourceId('Microsoft.Sql/servers/databases', parameters('servers_sqlguminterne_devops_name'), 'BdVeille-devops')]",
                "[resourceId('Microsoft.Sql/servers', parameters('servers_sqlguminterne_devops_name'))]"
            ],
            "properties": {
                "state": "Disabled",
                "retentionDays": 0,
                "storageAccountSubscriptionId": "00000000-0000-0000-0000-000000000000",
                "isStorageSecondaryKeyInUse": false
            }
        },
        {
            "type": "Microsoft.Sql/servers/databases/geoBackupPolicies",
            "apiVersion": "2014-04-01",
            "name": "[concat(parameters('servers_sqlguminterne_devops_name'), '/BdAppsInterne-devops/Default')]",
            "location": "Canada Central",
            "dependsOn": [
                "[resourceId('Microsoft.Sql/servers/databases', parameters('servers_sqlguminterne_devops_name'), 'BdAppsInterne-devops')]",
                "[resourceId('Microsoft.Sql/servers', parameters('servers_sqlguminterne_devops_name'))]"
            ],
            "properties": {
                "state": "Enabled"
            }
        },
        {
            "type": "Microsoft.Sql/servers/databases/geoBackupPolicies",
            "apiVersion": "2014-04-01",
            "name": "[concat(parameters('servers_sqlguminterne_devops_name'), '/BdVeille-devops/Default')]",
            "location": "Canada Central",
            "dependsOn": [
                "[resourceId('Microsoft.Sql/servers/databases', parameters('servers_sqlguminterne_devops_name'), 'BdVeille-devops')]",
                "[resourceId('Microsoft.Sql/servers', parameters('servers_sqlguminterne_devops_name'))]"
            ],
            "properties": {
                "state": "Enabled"
            }
        },
        {
            "type": "Microsoft.Sql/servers/databases/securityAlertPolicies",
            "apiVersion": "2018-06-01-preview",
            "name": "[concat(parameters('servers_sqlguminterne_devops_name'), '/BdAppsInterne-devops/Default')]",
            "dependsOn": [
                "[resourceId('Microsoft.Sql/servers/databases', parameters('servers_sqlguminterne_devops_name'), 'BdAppsInterne-devops')]",
                "[resourceId('Microsoft.Sql/servers', parameters('servers_sqlguminterne_devops_name'))]"
            ],
            "properties": {
                "state": "Disabled",
                "disabledAlerts": [
                    ""
                ],
                "emailAddresses": [
                    ""
                ],
                "emailAccountAdmins": false,
                "retentionDays": 0
            }
        },
        {
            "type": "Microsoft.Sql/servers/databases/securityAlertPolicies",
            "apiVersion": "2018-06-01-preview",
            "name": "[concat(parameters('servers_sqlguminterne_devops_name'), '/BdVeille-devops/Default')]",
            "dependsOn": [
                "[resourceId('Microsoft.Sql/servers/databases', parameters('servers_sqlguminterne_devops_name'), 'BdVeille-devops')]",
                "[resourceId('Microsoft.Sql/servers', parameters('servers_sqlguminterne_devops_name'))]"
            ],
            "properties": {
                "state": "Disabled",
                "disabledAlerts": [
                    ""
                ],
                "emailAddresses": [
                    ""
                ],
                "emailAccountAdmins": false,
                "retentionDays": 0
            }
        },
        {
            "type": "Microsoft.Sql/servers/databases/transparentDataEncryption",
            "apiVersion": "2014-04-01",
            "name": "[concat(parameters('servers_sqlguminterne_devops_name'), '/BdAppsInterne-devops/current')]",
            "location": "Canada Central",
            "dependsOn": [
                "[resourceId('Microsoft.Sql/servers/databases', parameters('servers_sqlguminterne_devops_name'), 'BdAppsInterne-devops')]",
                "[resourceId('Microsoft.Sql/servers', parameters('servers_sqlguminterne_devops_name'))]"
            ],
            "properties": {
                "status": "Enabled"
            }
        },
        {
            "type": "Microsoft.Sql/servers/databases/transparentDataEncryption",
            "apiVersion": "2014-04-01",
            "name": "[concat(parameters('servers_sqlguminterne_devops_name'), '/BdVeille-devops/current')]",
            "location": "Canada Central",
            "dependsOn": [
                "[resourceId('Microsoft.Sql/servers/databases', parameters('servers_sqlguminterne_devops_name'), 'BdVeille-devops')]",
                "[resourceId('Microsoft.Sql/servers', parameters('servers_sqlguminterne_devops_name'))]"
            ],
            "properties": {
                "status": "Enabled"
            }
        },
        {
            "type": "Microsoft.Sql/servers/databases/vulnerabilityAssessments",
            "apiVersion": "2017-03-01-preview",
            "name": "[concat(parameters('servers_sqlguminterne_devops_name'), '/BdAppsInterne-devops/Default')]",
            "dependsOn": [
                "[resourceId('Microsoft.Sql/servers/databases', parameters('servers_sqlguminterne_devops_name'), 'BdAppsInterne-devops')]",
                "[resourceId('Microsoft.Sql/servers', parameters('servers_sqlguminterne_devops_name'))]"
            ],
            "properties": {
                "recurringScans": {
                    "isEnabled": false,
                    "emailSubscriptionAdmins": true
                }
            }
        },
        {
            "type": "Microsoft.Sql/servers/databases/vulnerabilityAssessments",
            "apiVersion": "2017-03-01-preview",
            "name": "[concat(parameters('servers_sqlguminterne_devops_name'), '/BdVeille-devops/Default')]",
            "dependsOn": [
                "[resourceId('Microsoft.Sql/servers/databases', parameters('servers_sqlguminterne_devops_name'), 'BdVeille-devops')]",
                "[resourceId('Microsoft.Sql/servers', parameters('servers_sqlguminterne_devops_name'))]"
            ],
            "properties": {
                "recurringScans": {
                    "isEnabled": false,
                    "emailSubscriptionAdmins": true
                }
            }
        }
    ]
}