{
    "$schema": "https://schema.management.azure.com/schemas/2015-01-01/deploymentParameters.json#",
    "contentVersion": "1.0.0.0",
    "parameters": {
        "virtualNetworks_Scrapola_name": {
            "value": null
        },
        "applicationSecurityGroups_sql_name": {
            "value": null
        },
        "applicationSecurityGroups_Web_name": {
            "value": null
        },
        "networkSecurityGroups_Vnet_devops_name": {
            "value": null
        },
        "serverfarms_ASP_Standard_devops_externalid": {
            "value": null
        }
    }
}