{
    "$schema": "https://schema.management.azure.com/schemas/2015-01-01/deploymentTemplate.json#",
    "contentVersion": "1.0.0.0",
    "parameters": {
        "virtualNetworks_Scrapola_name": {
            "defaultValue": "Scrapola",
            "type": "String"
        },
        "applicationSecurityGroups_sql_name": {
            "defaultValue": "sql",
            "type": "String"
        },
        "applicationSecurityGroups_Web_name": {
            "defaultValue": "Web",
            "type": "String"
        },
        "networkSecurityGroups_Vnet_devops_name": {
            "defaultValue": "Vnet-devops",
            "type": "String"
        },
        "serverfarms_ASP_Standard_devops_externalid": {
            "defaultValue": "/subscriptions/6a04c78c-475c-4872-b897-f85eec86bf02/resourceGroups/SQLApps-rg-devops/providers/Microsoft.Web/serverfarms/ASP-Standard-devops",
            "type": "String"
        }
    },
    "variables": {},
    "resources": [
        {
            "type": "Microsoft.Network/applicationSecurityGroups",
            "apiVersion": "2019-06-01",
            "name": "[parameters('applicationSecurityGroups_sql_name')]",
            "location": "canadaeast",
            "properties": {}
        },
        {
            "type": "Microsoft.Network/applicationSecurityGroups",
            "apiVersion": "2019-06-01",
            "name": "[parameters('applicationSecurityGroups_Web_name')]",
            "location": "canadaeast",
            "properties": {}
        },
        {
            "type": "Microsoft.Network/networkSecurityGroups",
            "apiVersion": "2019-06-01",
            "name": "[parameters('networkSecurityGroups_Vnet_devops_name')]",
            "location": "canadacentral",
            "properties": {
                "provisioningState": "Succeeded",
                "resourceGuid": "ae85e2d4-dc3f-4eba-8a44-ae04ff33b6d4",
                "securityRules": [
                    {
                        "name": "Allow_Soquij_All",
                        "etag": "W/\"fd5c3201-5696-4b14-8bc8-bcc933feccce\"",
                        "properties": {
                            "provisioningState": "Succeeded",
                            "protocol": "*",
                            "sourcePortRange": "*",
                            "destinationPortRange": "*",
                            "sourceAddressPrefix": "205.237.253.10/32",
                            "destinationAddressPrefix": "*",
                            "access": "Allow",
                            "priority": 100,
                            "direction": "Inbound",
                            "sourcePortRanges": [],
                            "destinationPortRanges": [],
                            "sourceAddressPrefixes": [],
                            "destinationAddressPrefixes": []
                        }
                    }
                ],
                "defaultSecurityRules": [
                    {
                        "name": "AllowVnetInBound",
                        "etag": "W/\"fd5c3201-5696-4b14-8bc8-bcc933feccce\"",
                        "properties": {
                            "provisioningState": "Succeeded",
                            "description": "Allow inbound traffic from all VMs in VNET",
                            "protocol": "*",
                            "sourcePortRange": "*",
                            "destinationPortRange": "*",
                            "sourceAddressPrefix": "VirtualNetwork",
                            "destinationAddressPrefix": "VirtualNetwork",
                            "access": "Allow",
                            "priority": 65000,
                            "direction": "Inbound",
                            "sourcePortRanges": [],
                            "destinationPortRanges": [],
                            "sourceAddressPrefixes": [],
                            "destinationAddressPrefixes": []
                        }
                    },
                    {
                        "name": "AllowAzureLoadBalancerInBound",
                        "etag": "W/\"fd5c3201-5696-4b14-8bc8-bcc933feccce\"",
                        "properties": {
                            "provisioningState": "Succeeded",
                            "description": "Allow inbound traffic from azure load balancer",
                            "protocol": "*",
                            "sourcePortRange": "*",
                            "destinationPortRange": "*",
                            "sourceAddressPrefix": "AzureLoadBalancer",
                            "destinationAddressPrefix": "*",
                            "access": "Allow",
                            "priority": 65001,
                            "direction": "Inbound",
                            "sourcePortRanges": [],
                            "destinationPortRanges": [],
                            "sourceAddressPrefixes": [],
                            "destinationAddressPrefixes": []
                        }
                    },
                    {
                        "name": "DenyAllInBound",
                        "etag": "W/\"fd5c3201-5696-4b14-8bc8-bcc933feccce\"",
                        "properties": {
                            "provisioningState": "Succeeded",
                            "description": "Deny all inbound traffic",
                            "protocol": "*",
                            "sourcePortRange": "*",
                            "destinationPortRange": "*",
                            "sourceAddressPrefix": "*",
                            "destinationAddressPrefix": "*",
                            "access": "Deny",
                            "priority": 65500,
                            "direction": "Inbound",
                            "sourcePortRanges": [],
                            "destinationPortRanges": [],
                            "sourceAddressPrefixes": [],
                            "destinationAddressPrefixes": []
                        }
                    },
                    {
                        "name": "AllowVnetOutBound",
                        "etag": "W/\"fd5c3201-5696-4b14-8bc8-bcc933feccce\"",
                        "properties": {
                            "provisioningState": "Succeeded",
                            "description": "Allow outbound traffic from all VMs to all VMs in VNET",
                            "protocol": "*",
                            "sourcePortRange": "*",
                            "destinationPortRange": "*",
                            "sourceAddressPrefix": "VirtualNetwork",
                            "destinationAddressPrefix": "VirtualNetwork",
                            "access": "Allow",
                            "priority": 65000,
                            "direction": "Outbound",
                            "sourcePortRanges": [],
                            "destinationPortRanges": [],
                            "sourceAddressPrefixes": [],
                            "destinationAddressPrefixes": []
                        }
                    },
                    {
                        "name": "AllowInternetOutBound",
                        "etag": "W/\"fd5c3201-5696-4b14-8bc8-bcc933feccce\"",
                        "properties": {
                            "provisioningState": "Succeeded",
                            "description": "Allow outbound traffic from all VMs to Internet",
                            "protocol": "*",
                            "sourcePortRange": "*",
                            "destinationPortRange": "*",
                            "sourceAddressPrefix": "*",
                            "destinationAddressPrefix": "Internet",
                            "access": "Allow",
                            "priority": 65001,
                            "direction": "Outbound",
                            "sourcePortRanges": [],
                            "destinationPortRanges": [],
                            "sourceAddressPrefixes": [],
                            "destinationAddressPrefixes": []
                        }
                    },
                    {
                        "name": "DenyAllOutBound",
                        "etag": "W/\"fd5c3201-5696-4b14-8bc8-bcc933feccce\"",
                        "properties": {
                            "provisioningState": "Succeeded",
                            "description": "Deny all outbound traffic",
                            "protocol": "*",
                            "sourcePortRange": "*",
                            "destinationPortRange": "*",
                            "sourceAddressPrefix": "*",
                            "destinationAddressPrefix": "*",
                            "access": "Deny",
                            "priority": 65500,
                            "direction": "Outbound",
                            "sourcePortRanges": [],
                            "destinationPortRanges": [],
                            "sourceAddressPrefixes": [],
                            "destinationAddressPrefixes": []
                        }
                    }
                ]
            }
        },
        {
            "type": "Microsoft.Network/networkSecurityGroups/securityRules",
            "apiVersion": "2019-06-01",
            "name": "[concat(parameters('networkSecurityGroups_Vnet_devops_name'), '/Allow_Soquij_All')]",
            "dependsOn": [
                "[resourceId('Microsoft.Network/networkSecurityGroups', parameters('networkSecurityGroups_Vnet_devops_name'))]"
            ],
            "properties": {
                "provisioningState": "Succeeded",
                "protocol": "*",
                "sourcePortRange": "*",
                "destinationPortRange": "*",
                "sourceAddressPrefix": "205.237.253.10/32",
                "destinationAddressPrefix": "*",
                "access": "Allow",
                "priority": 100,
                "direction": "Inbound",
                "sourcePortRanges": [],
                "destinationPortRanges": [],
                "sourceAddressPrefixes": [],
                "destinationAddressPrefixes": []
            }
        },
        {
            "type": "Microsoft.Network/virtualNetworks",
            "apiVersion": "2019-06-01",
            "name": "[parameters('virtualNetworks_Scrapola_name')]",
            "location": "canadacentral",
            "dependsOn": [
                "[resourceId('Microsoft.Network/networkSecurityGroups', parameters('networkSecurityGroups_Vnet_devops_name'))]"
            ],
            "properties": {
                "provisioningState": "Succeeded",
                "resourceGuid": "1122c975-8ce3-4985-8c43-2078f2da20dd",
                "addressSpace": {
                    "addressPrefixes": [
                        "10.1.0.0/16"
                    ]
                },
                "subnets": [
                    {
                        "name": "All",
                        "etag": "W/\"d5bf5e5c-cd4f-4858-ae66-87dbe3d736ef\"",
                        "properties": {
                            "provisioningState": "Succeeded",
                            "addressPrefix": "10.1.0.0/24",
                            "networkSecurityGroup": {
                                "id": "[resourceId('Microsoft.Network/networkSecurityGroups', parameters('networkSecurityGroups_Vnet_devops_name'))]"
                            },
                            "serviceAssociationLinks": [
                                {
                                    "name": "AppServiceLink",
                                    "type": "Microsoft.Network/virtualNetworks/subnets/serviceAssociationLinks",
                                    "properties": {
                                        "linkedResourceType": "Microsoft.Web/serverfarms",
                                        "link": "[parameters('serverfarms_ASP_Standard_devops_externalid')]",
                                        "allowDelete": false,
                                        "locations": []
                                    }
                                }
                            ],
                            "serviceEndpoints": [
                                {
                                    "provisioningState": "Succeeded",
                                    "service": "Microsoft.Web",
                                    "locations": [
                                        "*"
                                    ]
                                }
                            ],
                            "delegations": [
                                {
                                    "name": "delegation",
                                    "etag": "W/\"d5bf5e5c-cd4f-4858-ae66-87dbe3d736ef\"",
                                    "properties": {
                                        "serviceName": "Microsoft.Web/serverfarms",
                                        "actions": [
                                            "Microsoft.Network/virtualNetworks/subnets/action"
                                        ]
                                    }
                                }
                            ],
                            "privateEndpointNetworkPolicies": "Enabled",
                            "privateLinkServiceNetworkPolicies": "Enabled"
                        }
                    }
                ],
                "virtualNetworkPeerings": [],
                "enableDdosProtection": false,
                "enableVmProtection": false
            }
        },
        {
            "type": "Microsoft.Network/virtualNetworks/subnets",
            "apiVersion": "2019-06-01",
            "name": "[concat(parameters('virtualNetworks_Scrapola_name'), '/All')]",
            "dependsOn": [
                "[resourceId('Microsoft.Network/virtualNetworks', parameters('virtualNetworks_Scrapola_name'))]",
                "[resourceId('Microsoft.Network/networkSecurityGroups', parameters('networkSecurityGroups_Vnet_devops_name'))]"
            ],
            "properties": {
                "provisioningState": "Succeeded",
                "addressPrefix": "10.1.0.0/24",
                "networkSecurityGroup": {
                    "id": "[resourceId('Microsoft.Network/networkSecurityGroups', parameters('networkSecurityGroups_Vnet_devops_name'))]"
                },
                "serviceAssociationLinks": [
                    {
                        "name": "AppServiceLink",
                        "type": "Microsoft.Network/virtualNetworks/subnets/serviceAssociationLinks",
                        "properties": {
                            "linkedResourceType": "Microsoft.Web/serverfarms",
                            "link": "[parameters('serverfarms_ASP_Standard_devops_externalid')]",
                            "allowDelete": false,
                            "locations": []
                        }
                    }
                ],
                "serviceEndpoints": [
                    {
                        "provisioningState": "Succeeded",
                        "service": "Microsoft.Web",
                        "locations": [
                            "*"
                        ]
                    }
                ],
                "delegations": [
                    {
                        "name": "delegation",
                        "etag": "W/\"d5bf5e5c-cd4f-4858-ae66-87dbe3d736ef\"",
                        "properties": {
                            "serviceName": "Microsoft.Web/serverfarms",
                            "actions": [
                                "Microsoft.Network/virtualNetworks/subnets/action"
                            ]
                        }
                    }
                ],
                "privateEndpointNetworkPolicies": "Enabled",
                "privateLinkServiceNetworkPolicies": "Enabled"
            }
        }
    ]
}